{
  "ckpt": "runs/baseline_10_s1/best.pt",
  "n_traj": 15,
  "step1_vrmse_mean": 0.30417880415916443,
  "step1_vrmse_std": 0.020510205999016762,
  "iso_rel_err_mean": {
    "density": 0.28777294797633757,
    "B_x": 0.3066431922948875,
    "B_y": 18394510447.79573,
    "B_z": 125233030.9922202,
    "v_x": 0.2330216574644232,
    "v_y": 0.2797025325045946,
    "v_z": 0.2446795282082971
  },
  "iso_rel_err_std": {
    "density": 0.06641042740422977,
    "B_x": 0.017771666929657835,
    "B_y": 47216591792.92571,
    "B_z": 142134000.99252552,
    "v_x": 0.07512546420650615,
    "v_y": 0.015246528693708373,
    "v_z": 0.019770114781620548
  },
  "iso_abs_err_mean": {
    "density": 0.010255374060989197,
    "B_x": 0.0003656737244455144,
    "B_y": 0.000370639690215965,
    "B_z": 0.00033903579716337525,
    "v_x": 0.0006435240821614063,
    "v_y": 0.0005434622819047755,
    "v_z": 0.0004776165745321729
  },
  "iso_abs_err_std": {
    "density": 0.013173346596711202,
    "B_x": 0.00015959302198557338,
    "B_y": 7.834043473208942e-05,
    "B_z": 7.073386542295883e-05,
    "v_x": 0.0001586266477726968,
    "v_y": 0.00019763569138082877,
    "v_z": 9.659544471011326e-05
  },
  "rollout_K": 50,
  "rollout_vrmse_mean_per_step": [
    0.3132565975189209,
    0.4927684962749481,
    0.6089704751968383,
    0.6981137156486511,
    0.773974609375,
    0.8425950169563293,
    0.906568443775177,
    0.967090904712677,
    1.024135982990265,
    1.0786862134933473,
    1.1298210382461549,
    1.1771369218826293,
    1.220433282852173,
    1.261065125465393,
    1.2997718095779418,
    1.3357374906539916,
    1.367632555961609,
    1.3953762769699096,
    1.4201925277709961,
    1.443751287460327,
    1.4664264440536499,
    1.4889330863952637,
    1.5114877462387084,
    1.5316507339477539,
    1.548869013786316,
    1.5620743036270142,
    1.5722141981124877,
    1.5806768178939818,
    1.5877278804779054,
    1.5935304403305053,
    1.598118209838867,
    1.6005865335464478,
    1.6013465166091918,
    1.602362060546875,
    1.6029266595840455,
    1.60224347114563,
    1.6002962112426757,
    1.5985389471054077,
    1.5977302074432373,
    1.597390389442444,
    1.5989365816116332,
    1.6031016111373901,
    1.6085639715194702,
    1.614283561706543,
    1.617296314239502,
    1.6176685333251952,
    1.7946013450622558,
    1.7982094526290893,
    1.7995328187942505,
    1.7785386562347412
  ],
  "rollout_vrmse_std_per_step": [
    0.029662280951212643,
    0.03505753338091722,
    0.040038363864926756,
    0.04780981604067543,
    0.05632451375198136,
    0.06412321812841293,
    0.07043744560877456,
    0.07547913230643037,
    0.07916670983260558,
    0.08209398146840571,
    0.08391342251832164,
    0.08487328629800515,
    0.08424070719469463,
    0.08340773253912874,
    0.08370911921422296,
    0.0840663905777447,
    0.08419942954891704,
    0.0829132613209035,
    0.0813559116102392,
    0.08074161881723281,
    0.08145561208481417,
    0.0836843140869108,
    0.08791334955084586,
    0.09091125567822371,
    0.09197765661087637,
    0.09143069148108633,
    0.09008782009497365,
    0.08814120311315753,
    0.08617387204887356,
    0.08545206637124594,
    0.08455206580207704,
    0.08259028821387894,
    0.08035941846323304,
    0.07954059242248492,
    0.07803364056452193,
    0.07316211176041997,
    0.0653479527289731,
    0.05714386960485297,
    0.05035665559760838,
    0.04530864048216367,
    0.04355059616319347,
    0.04368918079507598,
    0.044553718031854664,
    0.04555727890979186,
    0.04435854571811655,
    0.04144549313445188,
    0.33217814873070134,
    0.33820644188287596,
    0.34137967143702047,
    0.34629372518411883
  ],
  "train_cost": {
    "total_wall_s": 846.8568160533905,
    "hours": 0.23523800445927515,
    "n_epochs": 25
  }
}