{
  "ckpt": "runs/pretrain/best.pt",
  "n_traj": 15,
  "step1_vrmse_mean": 0.7115399837493896,
  "step1_vrmse_std": 0.060280051082372665,
  "iso_rel_err_mean": {
    "density": 0.6895937307274511,
    "B_x": 0.31237879851894046,
    "B_y": 17118501687.954624,
    "B_z": 60801956689.85198,
    "v_x": 16969.177021761792,
    "v_y": 1.5297697812420326,
    "v_z": 0.4835973927180646
  },
  "iso_rel_err_std": {
    "density": 0.0873834444528439,
    "B_x": 0.05325874104315287,
    "B_y": 40682297068.159164,
    "B_z": 90975613853.34462,
    "v_x": 55828.34752035853,
    "v_y": 2.4021092746640265,
    "v_z": 0.1773716330941985
  },
  "iso_abs_err_mean": {
    "density": 0.019916767921470086,
    "B_x": 0.025916968748894455,
    "B_y": 0.0006401834761682721,
    "B_z": 0.0006970450204770684,
    "v_x": 0.002811097900823608,
    "v_y": 0.0012423404127668884,
    "v_z": 0.0016268172515196966
  },
  "iso_abs_err_std": {
    "density": 0.01682808945798003,
    "B_x": 0.000259363134594184,
    "B_y": 0.00011804434828496034,
    "B_z": 0.00010867120738242031,
    "v_x": 0.0012739642725110695,
    "v_y": 0.00046368689329300304,
    "v_z": 0.0005101533799023215
  },
  "rollout_K": 50,
  "rollout_vrmse_mean_per_step": [
    0.719536018371582,
    1.0159018397331239,
    1.1795917272567749,
    1.2950027704238891,
    1.3875697135925293,
    1.4689234733581542,
    1.546245241165161,
    1.6248213529586792,
    1.7055057525634765,
    1.7785366296768188,
    1.832470679283142,
    1.8678815603256225,
    1.8917026042938232,
    1.9101240158081054,
    1.9234416484832764,
    1.9344305038452148,
    1.9423672199249267,
    1.949302887916565,
    1.9582798719406127,
    1.9720836400985717,
    1.9919678211212157,
    2.0188352346420286,
    2.0519628047943117,
    2.0943016052246093,
    2.152379775047302,
    2.221241593360901,
    2.284462738037109,
    2.3275166749954224,
    2.3512796640396116,
    2.3610721826553345,
    2.362748622894287,
    2.360551595687866,
    2.358877444267273,
    2.3605528354644774,
    2.364797830581665,
    2.3719384908676147,
    2.3799477338790895,
    2.3888141393661497,
    2.3984886169433595,
    2.4099762439727783,
    2.4287534236907957,
    2.458128237724304,
    2.499751019477844,
    2.5519198179244995,
    2.6024407148361206,
    2.641812968254089,
    3.0518741369247437,
    3.0815212965011596,
    3.1020276308059693,
    3.1156689167022704
  ],
  "rollout_vrmse_std_per_step": [
    0.03845975700150068,
    0.0668145470928061,
    0.07672258380549787,
    0.07426965942124376,
    0.06876663483016891,
    0.07072855281914593,
    0.08995873270606601,
    0.13717285885658304,
    0.20973540916397923,
    0.2798209373599866,
    0.3235084410960884,
    0.3392655477394969,
    0.3388725751828946,
    0.3302791832448876,
    0.31931869623622455,
    0.30914642179627316,
    0.30021958815951355,
    0.2934355119492119,
    0.2894962245522434,
    0.286635397088208,
    0.28229753960719245,
    0.275414779267516,
    0.26859944229590543,
    0.26471283831587045,
    0.27478042316583373,
    0.30744334142447216,
    0.34829180073452926,
    0.3762463536215832,
    0.3859870702154536,
    0.3814269344352919,
    0.37076181148426485,
    0.3611783640773955,
    0.3562490618539268,
    0.3563993890233347,
    0.35946097081991446,
    0.36605315352887996,
    0.3742734176792834,
    0.37892303925799453,
    0.3775393903663631,
    0.37402070644265906,
    0.3670604693710871,
    0.3560369296700447,
    0.34487743457399445,
    0.34951856688273936,
    0.3751385232484752,
    0.40540682206659645,
    0.864346897649725,
    0.8917674246525715,
    0.9145324136284833,
    0.9251039083510172
  ],
  "train_cost": {
    "total_wall_s": 4206.005590438843,
    "hours": 1.1683348862330118,
    "n_epochs": 20
  }
}