{
  "ckpt": "runs/baseline_01_s2/best.pt",
  "n_traj": 15,
  "step1_vrmse_mean": 0.5872593522071838,
  "step1_vrmse_std": 0.03496121987700462,
  "iso_rel_err_mean": {
    "density": 0.804622357382657,
    "B_x": 0.7702074561592611,
    "B_y": 8736214681.841969,
    "B_z": 1284933713.8302195,
    "v_x": 57.478915606544014,
    "v_y": 1.4504025689897815,
    "v_z": 0.8786079144266584
  },
  "iso_rel_err_std": {
    "density": 0.01995174238388771,
    "B_x": 0.05704913887865975,
    "B_y": 21865412969.40217,
    "B_z": 1421321693.0739112,
    "v_x": 183.97510447836535,
    "v_y": 1.414965534203798,
    "v_z": 0.10379138263450631
  },
  "iso_abs_err_mean": {
    "density": 0.023710505614550806,
    "B_x": 0.001606076114764221,
    "B_y": 0.0011799150520318284,
    "B_z": 0.001283399048015673,
    "v_x": 0.0026502153703387857,
    "v_y": 0.0016946912824767383,
    "v_z": 0.0018286593413108084
  },
  "iso_abs_err_std": {
    "density": 0.02904614659613637,
    "B_x": 0.000821948331846087,
    "B_y": 0.00018110643247464211,
    "B_z": 0.00018713273925786397,
    "v_x": 0.0009707166073872308,
    "v_y": 0.0006364225802914708,
    "v_z": 0.0005018292152934178
  },
  "rollout_K": 50,
  "rollout_vrmse_mean_per_step": [
    0.5778910040855407,
    0.7046899199485779,
    0.8197319507598877,
    0.9379724025726318,
    1.0574641227722168,
    1.1758349895477296,
    1.2898492336273193,
    1.3960986614227295,
    1.491486144065857,
    1.575840210914612,
    1.6470982789993287,
    1.7062155961990357,
    1.7538664579391479,
    1.793548822402954,
    1.8275126218795776,
    1.8564977884292602,
    1.8803396463394164,
    1.9000744342803955,
    1.9171919584274293,
    1.9332686901092528,
    1.9494161367416383,
    1.9664768934249879,
    1.9842026472091674,
    1.9996559381484986,
    2.013488698005676,
    2.025045156478882,
    2.035030174255371,
    2.0461592197418215,
    2.0592598915100098,
    2.071443510055542,
    2.081365704536438,
    2.0879987478256226,
    2.091813087463379,
    2.095485305786133,
    2.0976116180419924,
    2.0983958721160887,
    2.098757743835449,
    2.099975109100342,
    2.1025060653686523,
    2.104927396774292,
    2.1085861206054686,
    2.11483416557312,
    2.1227062225341795,
    2.1309316158294678,
    2.1366754531860352,
    2.140219783782959,
    2.3051310062408445,
    2.3181285858154297,
    2.3274077415466308,
    2.3137213706970217
  ],
  "rollout_vrmse_std_per_step": [
    0.030961215262642124,
    0.02119748019850597,
    0.01625532428424647,
    0.02317419143273512,
    0.033722396999295204,
    0.044566324640476614,
    0.05576942074356186,
    0.06671361918506782,
    0.07665096834989744,
    0.08647584264971465,
    0.09532691794321989,
    0.10300047282223294,
    0.10765191225950278,
    0.10970079508072243,
    0.11069384741548961,
    0.11060816703801883,
    0.10871443072911029,
    0.10408977950191065,
    0.0984439443146803,
    0.0945170079246795,
    0.09359030805386796,
    0.09475819329010975,
    0.09692106220968996,
    0.09770125030888425,
    0.09808700066702893,
    0.09674281331725411,
    0.09340180866842351,
    0.09060326110644684,
    0.08989400124954962,
    0.09085381732712179,
    0.09233188337151223,
    0.09335538308107828,
    0.09378893708543005,
    0.0946359850707434,
    0.09412435394352058,
    0.08958464929933002,
    0.08217869150211458,
    0.075084325756635,
    0.07027629976301245,
    0.06745380283445303,
    0.06772348283613203,
    0.0693450590123937,
    0.07231058319595614,
    0.07446752005309051,
    0.07442892653784075,
    0.07352702069959209,
    0.2784503910002521,
    0.2892524527335904,
    0.2967521322928137,
    0.3011057012893486
  ],
  "train_cost": {
    "total_wall_s": 728.4068648815155,
    "hours": 0.2023352402448654,
    "n_epochs": 40
  }
}