{
  "ckpt": "runs/ft_100/best.pt",
  "n_traj_evaluated": 3,
  "rollout_mean_final_drift": 0.08804663270711899,
  "spec_rel_err_k_mean": {
    "density": 0.21108007708687182,
    "B_x": 0.3064452310792137,
    "B_y": 115203564.88065796,
    "B_z": 108620979.63217427,
    "v_x": 0.2537114557955315,
    "v_y": 0.295003665021445,
    "v_z": 0.28394283179365504
  }
}