{
  "ckpt": "runs/baseline_01/best.pt",
  "n_traj_evaluated": 3,
  "rollout_mean_final_drift": 0.05277347067991892,
  "spec_rel_err_k_mean": {
    "density": 0.7555584417639807,
    "B_x": 0.8013314941813615,
    "B_y": 9526028205.597898,
    "B_z": 1813546461.7652168,
    "v_x": 0.8030965204380852,
    "v_y": 1.1531948952416968,
    "v_z": 0.7901452894721469
  }
}