{
  "ckpt": "runs/baseline_10/best.pt",
  "n_traj_evaluated": 3,
  "rollout_mean_final_drift": 0.057305339723825455,
  "spec_rel_err_k_mean": {
    "density": 0.22553360634128272,
    "B_x": 0.3258193106838298,
    "B_y": 16461371.555032464,
    "B_z": 14456531.49128443,
    "v_x": 0.2359351328452727,
    "v_y": 0.27385211079931276,
    "v_z": 0.25380411868631175
  }
}