{
  "ckpt": "runs/ft_10/best.pt",
  "n_traj_evaluated": 3,
  "rollout_mean_final_drift": 0.0815532108147939,
  "spec_rel_err_k_mean": {
    "density": 0.202735330391532,
    "B_x": 0.3090345495520744,
    "B_y": 75991512.32708105,
    "B_z": 61850875.6777546,
    "v_x": 0.23834353349472867,
    "v_y": 0.26704023944339444,
    "v_z": 0.2711024673608273
  }
}