{
  "ckpt": "runs/ft_01/best.pt",
  "n_traj_evaluated": 3,
  "rollout_mean_final_drift": 0.20813866953055063,
  "spec_rel_err_k_mean": {
    "density": 0.2313960686025239,
    "B_x": 0.2893752260744227,
    "B_y": 22065291.499763828,
    "B_z": 345737875.7219936,
    "v_x": 0.23117547497332955,
    "v_y": 0.3126394787860182,
    "v_z": 0.2739303595372092
  }
}