{
  "ckpt": "runs/baseline_01_s1/best.pt",
  "n_traj": 15,
  "step1_vrmse_mean": 0.54250568151474,
  "step1_vrmse_std": 0.021474037319421768,
  "iso_rel_err_mean": {
    "density": 0.7788551263303265,
    "B_x": 0.7859631442235228,
    "B_y": 138862155733.66635,
    "B_z": 3914482655.632191,
    "v_x": 2.2114017430125106,
    "v_y": 5.3166623536051905,
    "v_z": 0.7528063064380401
  },
  "iso_rel_err_std": {
    "density": 0.014292419526990164,
    "B_x": 0.03788208464469772,
    "B_y": 332892980958.4103,
    "B_z": 7084658657.078785,
    "v_x": 5.446986194265626,
    "v_y": 9.766337830756743,
    "v_z": 0.02247534547268397
  },
  "iso_abs_err_mean": {
    "density": 0.02195514922768164,
    "B_x": 0.0015036076221048116,
    "B_y": 0.0011275178739670656,
    "B_z": 0.0010122737470824338,
    "v_x": 0.0019556281181898226,
    "v_y": 0.0016502362705980527,
    "v_z": 0.0013811135552723878
  },
  "iso_abs_err_std": {
    "density": 0.026954815677034952,
    "B_x": 0.000702447077577554,
    "B_y": 0.0001773960464534976,
    "B_z": 0.0001124573544483565,
    "v_x": 0.0005298962178706653,
    "v_y": 0.0005588785120257189,
    "v_z": 0.00038103563319168306
  },
  "rollout_K": 50,
  "rollout_vrmse_mean_per_step": [
    0.5300523042678833,
    0.6808186411857605,
    0.812724494934082,
    0.943602180480957,
    1.0702145576477051,
    1.1895838975906372,
    1.2997056722640992,
    1.3993950605392456,
    1.4868165493011474,
    1.5630627632141114,
    1.627539587020874,
    1.681301975250244,
    1.7247443675994873,
    1.7612321853637696,
    1.7931694984436035,
    1.821221613883972,
    1.8442511320114137,
    1.8623987913131714,
    1.8776952505111695,
    1.8913090705871582,
    1.9039205312728882,
    1.9172318935394288,
    1.9317200660705567,
    1.9438509225845337,
    1.9538508415222169,
    1.9618580341339111,
    1.9694255113601684,
    1.979129695892334,
    1.9912004947662354,
    2.0035887956619263,
    2.0143804788589477,
    2.0207951068878174,
    2.0236768245697023,
    2.025834345817566,
    2.026169681549072,
    2.0247950077056887,
    2.0219282150268554,
    2.0194343090057374,
    2.018039679527283,
    2.016868162155151,
    2.017140817642212,
    2.0193453550338747,
    2.022560715675354,
    2.0263347387313844,
    2.0280540943145753,
    2.028314208984375,
    2.2832484006881715,
    2.299110436439514,
    2.3133347034454346,
    2.2700578212738036
  ],
  "rollout_vrmse_std_per_step": [
    0.018186033954834775,
    0.013156484783797384,
    0.024936790093000084,
    0.03706320801724579,
    0.04547180666307015,
    0.05176039709541653,
    0.0585733152690936,
    0.06670508326425352,
    0.0754942852157221,
    0.08619969896720307,
    0.09741818630343622,
    0.10844253444104103,
    0.11618394459599637,
    0.12193781662692384,
    0.12748830723333804,
    0.1324118708755702,
    0.13549670068357486,
    0.13588276483709316,
    0.1355500795902413,
    0.13514317790113192,
    0.13552163027106068,
    0.13753683254079782,
    0.14163638875929224,
    0.14363616949948987,
    0.14383243373641258,
    0.14224001964098884,
    0.14004134122425616,
    0.1397202194168246,
    0.14201607035293348,
    0.14633527838965266,
    0.1506822943421895,
    0.1528384734729512,
    0.15327205878756006,
    0.15461795049638236,
    0.15501190831076775,
    0.15188142961623957,
    0.14486400678967207,
    0.13795562972808606,
    0.13361527875625592,
    0.13207319546861054,
    0.13428498385791204,
    0.1384970430805291,
    0.14361721198717275,
    0.14782965170553333,
    0.14797307600297613,
    0.14651444028983088,
    0.43348117877525777,
    0.4474896970129178,
    0.45752517363742395,
    0.4735637477590261
  ],
  "train_cost": {
    "total_wall_s": 722.4474492073059,
    "hours": 0.20067984700202943,
    "n_epochs": 40
  }
}