{
  "ckpt": "runs/ft_10_s1/best.pt",
  "n_traj": 15,
  "step1_vrmse_mean": 0.2800634503364563,
  "step1_vrmse_std": 0.014331289567053318,
  "iso_rel_err_mean": {
    "density": 0.26874068660280537,
    "B_x": 0.29072025065212304,
    "B_y": 5664310974.268387,
    "B_z": 509057607.60376734,
    "v_x": 6.1377536952548475,
    "v_y": 0.27923713160264424,
    "v_z": 0.2359786477419548
  },
  "iso_rel_err_std": {
    "density": 0.06069351050471966,
    "B_x": 0.02210480272337826,
    "B_y": 18791345826.09711,
    "B_z": 1269271504.6434577,
    "v_x": 21.906030303393212,
    "v_y": 0.04225473296826931,
    "v_z": 0.030209966014603126
  },
  "iso_abs_err_mean": {
    "density": 0.00692434915672114,
    "B_x": 0.000310528289605827,
    "B_y": 0.0002975045143485373,
    "B_z": 0.0002883785148698945,
    "v_x": 0.0004919436725509467,
    "v_y": 0.00043209746810693634,
    "v_z": 0.00042188041028339284
  },
  "iso_abs_err_std": {
    "density": 0.00846254862388764,
    "B_x": 0.00011608653107024091,
    "B_y": 6.908606124406191e-05,
    "B_z": 3.860161457723627e-05,
    "v_x": 0.00011115375288229287,
    "v_y": 0.00017297314019046952,
    "v_z": 8.381381593664681e-05
  },
  "rollout_K": 50,
  "rollout_vrmse_mean_per_step": [
    0.2883296012878418,
    0.4413930714130402,
    0.5347294330596923,
    0.6057322025299072,
    0.6700231432914734,
    0.7331667184829712,
    0.7960204243659973,
    0.8585165500640869,
    0.9199488997459412,
    0.9802123546600342,
    1.038048219680786,
    1.092569065093994,
    1.1431209087371825,
    1.1900690793991089,
    1.2330654621124268,
    1.272907829284668,
    1.3098008155822753,
    1.3449966192245484,
    1.379530119895935,
    1.4124990701675415,
    1.4430446386337281,
    1.4724003553390503,
    1.5027621746063233,
    1.5330214023590087,
    1.5622898101806642,
    1.5888725757598876,
    1.6138830661773682,
    1.6376176834106446,
    1.6608754396438599,
    1.6846991300582885,
    1.708746647834778,
    1.732309055328369,
    1.755637812614441,
    1.7803831100463867,
    1.8051007509231567,
    1.8299196720123292,
    1.855885100364685,
    1.8851885080337525,
    1.918798303604126,
    1.9553174018859862,
    1.9968982219696045,
    2.0465247631073,
    2.1020944356918334,
    2.1606818437576294,
    2.2177872896194457,
    2.271243357658386,
    2.4739890813827516,
    2.547477436065674,
    2.6280198097229004,
    2.7109912633895874
  ],
  "rollout_vrmse_std_per_step": [
    0.02033292838952971,
    0.012804761633551426,
    0.01060482256486318,
    0.017839131795281814,
    0.026067989060701614,
    0.033977451858909234,
    0.0426564012792714,
    0.05247098594963616,
    0.06259438804844668,
    0.07206226663695209,
    0.08178924153457579,
    0.09252310098228501,
    0.10399984540224758,
    0.1144716599554214,
    0.12367180076983228,
    0.12994346884162733,
    0.13331402040117546,
    0.13629305712296036,
    0.13925859643681543,
    0.14079742596274772,
    0.1396696330993286,
    0.13636673037861322,
    0.1332387706697669,
    0.1315773611044653,
    0.13265486784039243,
    0.13725655757150776,
    0.14435006697724057,
    0.15146294576323194,
    0.1577548552894079,
    0.16442640574268988,
    0.17162298971188422,
    0.17951371312155712,
    0.1896862557834933,
    0.20438007610808834,
    0.2227476430852591,
    0.24332917630375203,
    0.2676543701025557,
    0.2970597892864057,
    0.33106407032350194,
    0.3672866056193657,
    0.40495118314083156,
    0.44773126269847546,
    0.49444323521957395,
    0.5446156293069931,
    0.5958580704808416,
    0.6462203555918759,
    0.9934283255051753,
    1.083347320820276,
    1.1848004655304856,
    1.2920751142422846
  ],
  "train_cost": {
    "total_wall_s": 850.8336546421051,
    "hours": 0.23634268184502918,
    "n_epochs": 25
  }
}