{
  "ckpt": "runs/ft_100/best.pt",
  "n_traj": 15,
  "step1_vrmse_mean": 0.2707214653491974,
  "step1_vrmse_std": 0.014488412998616695,
  "iso_rel_err_mean": {
    "density": 0.26580842195310533,
    "B_x": 0.28741021864112537,
    "B_y": 5164083195.558759,
    "B_z": 403971321.4376558,
    "v_x": 1.9499655459897205,
    "v_y": 0.27668059880309065,
    "v_z": 0.23644874925889797
  },
  "iso_rel_err_std": {
    "density": 0.07062452270645557,
    "B_x": 0.02792127472427013,
    "B_y": 17343995873.090946,
    "B_z": 1143564663.4262855,
    "v_x": 6.062900873858339,
    "v_y": 0.05644252265583703,
    "v_z": 0.04912285608762224
  },
  "iso_abs_err_mean": {
    "density": 0.006222339948976696,
    "B_x": 0.00025867482654575726,
    "B_y": 0.00026724050969120794,
    "B_z": 0.0002698216481796522,
    "v_x": 0.0004586174032069068,
    "v_y": 0.0004176384439891952,
    "v_z": 0.00037590525635475085
  },
  "iso_abs_err_std": {
    "density": 0.007234500351441209,
    "B_x": 9.345651061100787e-05,
    "B_y": 7.571649794114291e-05,
    "B_z": 5.8728125139644074e-05,
    "v_x": 0.00013273009227892662,
    "v_y": 0.0001683842333828018,
    "v_z": 6.382800685887958e-05
  },
  "rollout_K": 50,
  "rollout_vrmse_mean_per_step": [
    0.279374361038208,
    0.4237285017967224,
    0.5104466736316681,
    0.5760001897811889,
    0.6352011084556579,
    0.6931936860084533,
    0.7512341976165772,
    0.8095284223556518,
    0.86750807762146,
    0.9251370310783387,
    0.9813396573066712,
    1.0346136808395385,
    1.0844039916992188,
    1.1309229612350464,
    1.1746562242507934,
    1.2155824184417725,
    1.2530041694641114,
    1.2878430843353272,
    1.322010374069214,
    1.3568875789642334,
    1.3921822786331177,
    1.4275028705596924,
    1.4630432844161987,
    1.4972583770751953,
    1.5297324419021607,
    1.5606719255447388,
    1.5901360988616944,
    1.6191493272781372,
    1.6485712289810182,
    1.6766131162643432,
    1.7037410974502563,
    1.729870867729187,
    1.7546403408050537,
    1.7779084682464599,
    1.8021623611450195,
    1.8298721790313721,
    1.8634673595428466,
    1.906012272834778,
    1.959118413925171,
    2.0236440896987915,
    2.10675950050354,
    2.212187099456787,
    2.342004632949829,
    2.4946959733963014,
    2.6752662897109984,
    2.8954060316085815,
    3.289226031303406,
    3.6048659801483156,
    3.9918532848358153,
    4.452358675003052
  ],
  "rollout_vrmse_std_per_step": [
    0.01933171265836629,
    0.009639504052351297,
    0.007555808107697594,
    0.013400579608840406,
    0.017104185626805952,
    0.018528420053190008,
    0.019010511733526348,
    0.019904712085084986,
    0.021228723769248937,
    0.023711528946450337,
    0.027993978803446867,
    0.03374292060234665,
    0.041153791913930184,
    0.049520908891001435,
    0.05838500439375443,
    0.06652835218951095,
    0.07334236700795019,
    0.07946685741693386,
    0.0851435791939938,
    0.08977959321669722,
    0.09289222580698461,
    0.09424705566696354,
    0.09371332821396763,
    0.09255026196184936,
    0.09040799030082103,
    0.08716370453486198,
    0.08312178193355153,
    0.07885919181011879,
    0.07472837795978882,
    0.072542575666214,
    0.07253221199629835,
    0.07241025274528025,
    0.07135909482510454,
    0.0719070469454602,
    0.07863150768426867,
    0.09426988751804753,
    0.12027300214994475,
    0.15889129812495262,
    0.21089257850327175,
    0.2800604347746302,
    0.38081194691503184,
    0.5190921827641198,
    0.698451445259073,
    0.9114745789542609,
    1.1594479561469047,
    1.4505063426243143,
    1.743347408970275,
    2.1509980182310957,
    2.611371399221547,
    3.09032948157682
  ],
  "train_cost": {
    "total_wall_s": 2937.739748239517,
    "hours": 0.8160388189554214,
    "n_epochs": 15
  }
}