{
  "baseline_01_best": {
    "cfg": {
      "lr": 0.003,
      "hidden": 64,
      "epochs": 40
    },
    "mean": 0.41895546211350343,
    "std": 0.007939813967823868
  },
  "ft_01_best": {
    "cfg": {
      "lr": 0.0003,
      "hidden": 48,
      "epochs": 40
    },
    "mean": 0.30070445614476354,
    "std": 0.0003130289359535697
  },
  "baseline_rows": [
    [
      {
        "lr": 0.003,
        "hidden": 64,
        "epochs": 40
      },
      [
        0.4137085291647142,
        0.4129816476375826,
        0.43017620953821367
      ]
    ],
    [
      {
        "lr": 0.003,
        "hidden": 48,
        "epochs": 40
      },
      [
        0.4463268383856743,
        0.4612333298690857,
        0.48860356067457505
      ]
    ],
    [
      {
        "lr": 0.003,
        "hidden": 32,
        "epochs": 40
      },
      [
        0.4536195118581095,
        0.49342444875547964,
        0.5026684288055666
      ]
    ],
    [
      {
        "lr": 0.001,
        "hidden": 64,
        "epochs": 40
      },
      [
        0.5076969506279114,
        0.5243191589270869,
        0.5321242833329786
      ]
    ],
    [
      {
        "lr": 0.001,
        "hidden": 48,
        "epochs": 40
      },
      [
        0.5529549996699056,
        0.5359661213813289,
        0.5818395355055409
      ]
    ]
  ],
  "ft_rows": [
    [
      {
        "lr": 0.0003,
        "hidden": 48,
        "epochs": 40
      },
      [
        0.30054205127300754,
        0.30042900866077793,
        0.3011423085005053
      ]
    ],
    [
      {
        "lr": 0.001,
        "hidden": 48,
        "epochs": 40
      },
      [
        0.3034013677989283,
        0.30332058187453975,
        0.3033458201154586
      ]
    ],
    [
      {
        "lr": 0.0001,
        "hidden": 48,
        "epochs": 40
      },
      [
        0.3087072771403097,
        0.3093081900189,
        0.3093706893344079
      ]
    ]
  ]
}