{
  "ckpt": "runs/ft_01_s2/best.pt",
  "n_traj": 15,
  "step1_vrmse_mean": 0.30637338757514954,
  "step1_vrmse_std": 0.013432681560516357,
  "iso_rel_err_mean": {
    "density": 0.2959650284979672,
    "B_x": 0.3021631332128308,
    "B_y": 17848112381.179813,
    "B_z": 7258300434.86192,
    "v_x": 170.4851537847039,
    "v_y": 0.31125700712348864,
    "v_z": 0.27106975698095265
  },
  "iso_rel_err_std": {
    "density": 0.06335699598580319,
    "B_x": 0.015148577350452375,
    "B_y": 45382951184.292755,
    "B_z": 6366941160.626642,
    "v_x": 534.7925902385733,
    "v_y": 0.013808586943408791,
    "v_z": 0.010133588732118
  },
  "iso_abs_err_mean": {
    "density": 0.008354923953676992,
    "B_x": 0.000536407264250253,
    "B_y": 0.0003374601744298934,
    "B_z": 0.0003359891881738319,
    "v_x": 0.0006931650597090037,
    "v_y": 0.0005185448783556683,
    "v_z": 0.0004965795123249942
  },
  "iso_abs_err_std": {
    "density": 0.010205841963255366,
    "B_x": 0.00022401754566032963,
    "B_y": 6.359374868262805e-05,
    "B_z": 2.9931959283319187e-05,
    "v_x": 0.0002018394022208219,
    "v_y": 0.00016631289926123663,
    "v_z": 0.00012452764749576583
  },
  "rollout_K": 50,
  "rollout_vrmse_mean_per_step": [
    0.31325252652168273,
    0.4908729434013367,
    0.6156319737434387,
    0.7238725543022155,
    0.8277102589607239,
    0.9291202783584595,
    1.0278592586517334,
    1.1243625998497009,
    1.2175721406936646,
    1.307474708557129,
    1.3933687448501586,
    1.4759761095046997,
    1.5547619104385375,
    1.6315767288208007,
    1.7091103076934815,
    1.791279101371765,
    1.8793482542037965,
    1.9737139225006104,
    2.0729873418807983,
    2.1733565807342528,
    2.2715908527374267,
    2.36729211807251,
    2.461804962158203,
    2.552099418640137,
    2.6403281688690186,
    2.7244478702545165,
    2.8089378833770753,
    2.8997012615203857,
    2.9955827713012697,
    3.096105194091797,
    3.212380123138428,
    3.3462547302246093,
    3.496634006500244,
    3.6752254962921143,
    3.8785413265228272,
    4.109182214736938,
    4.384836149215698,
    4.707904434204101,
    5.074303674697876,
    5.482108497619629,
    5.932641410827637,
    6.421188831329346,
    6.934156131744385,
    7.468637561798095,
    8.015045928955079,
    8.562466049194336,
    9.491699409484863,
    10.06685562133789,
    10.632151699066162,
    11.204682731628418
  ],
  "rollout_vrmse_std_per_step": [
    0.012085369324082856,
    0.012416777176768642,
    0.03076141449496367,
    0.05128281681916338,
    0.07171292499807604,
    0.09217534951930602,
    0.11350582825099276,
    0.135746421208344,
    0.15753993475502592,
    0.17594514935084918,
    0.18902817199492572,
    0.19361907031308112,
    0.18898248662174985,
    0.17519048308637705,
    0.155204570669369,
    0.1323623550560389,
    0.10867717390294461,
    0.09002004894729018,
    0.08154895154006046,
    0.08219366476699423,
    0.08961351583740114,
    0.11123545094415942,
    0.1541554510304431,
    0.2032482588872486,
    0.24824892197957743,
    0.2854149029095064,
    0.31350543645733703,
    0.33718017659193117,
    0.363395752513259,
    0.4011537905272158,
    0.4588386823692195,
    0.5392315382770052,
    0.6396406064132729,
    0.7474674500030174,
    0.8472010286843304,
    0.9442684174307329,
    1.0456297607311595,
    1.147236717073371,
    1.2531132479890297,
    1.3586072197365757,
    1.45528387087957,
    1.5546947811839043,
    1.659741488128989,
    1.7780700072991806,
    1.9150696006446528,
    2.0666047244649306,
    2.5131974846753433,
    2.659706422455537,
    2.7938573466741548,
    2.879794909202546
  ],
  "train_cost": {
    "total_wall_s": 730.3181777000427,
    "hours": 0.2028661604722341,
    "n_epochs": 40
  }
}