{
  "ckpt": "runs/ft_10/best.pt",
  "n_traj": 15,
  "step1_vrmse_mean": 0.2802470624446869,
  "step1_vrmse_std": 0.014177175238728523,
  "iso_rel_err_mean": {
    "density": 0.269347877522306,
    "B_x": 0.2878658454071075,
    "B_y": 4678211682.642864,
    "B_z": 221552882.50592262,
    "v_x": 6.542543303385091,
    "v_y": 0.28439186735149014,
    "v_z": 0.23571615612200558
  },
  "iso_rel_err_std": {
    "density": 0.056399459589861464,
    "B_x": 0.022047642450314906,
    "B_y": 15054940516.01417,
    "B_z": 388704659.2755951,
    "v_x": 23.658821830325987,
    "v_y": 0.05411160938366718,
    "v_z": 0.033650389153692305
  },
  "iso_abs_err_mean": {
    "density": 0.006766519288172883,
    "B_x": 0.0003014863774372619,
    "B_y": 0.0003059861954340665,
    "B_z": 0.0002865594507683351,
    "v_x": 0.000488417395763933,
    "v_y": 0.00044582577137125177,
    "v_z": 0.0004230154978055604
  },
  "iso_abs_err_std": {
    "density": 0.008128006005183874,
    "B_x": 9.817695083340029e-05,
    "B_y": 6.97599773186464e-05,
    "B_z": 3.965184405922717e-05,
    "v_x": 0.00010420332282306058,
    "v_y": 0.00017656236853544373,
    "v_z": 7.93807871740364e-05
  },
  "rollout_K": 50,
  "rollout_vrmse_mean_per_step": [
    0.2889446377754211,
    0.4426149368286133,
    0.5367763042449951,
    0.6087296485900879,
    0.6736509442329407,
    0.7366393446922302,
    0.7982797861099243,
    0.8589388608932496,
    0.9177523732185364,
    0.975015664100647,
    1.0302053451538087,
    1.0826539874076844,
    1.131775164604187,
    1.178054118156433,
    1.2217179775238036,
    1.2624999284744263,
    1.2995579719543457,
    1.3340047121047973,
    1.3674999237060548,
    1.4001472234725951,
    1.4310642719268798,
    1.4612705945968627,
    1.4916258811950684,
    1.5202375888824462,
    1.545930552482605,
    1.5684263229370117,
    1.5896695852279663,
    1.6112746477127076,
    1.6338355541229248,
    1.65503032207489,
    1.6742785692214965,
    1.6923023223876954,
    1.7117412090301514,
    1.7344291925430297,
    1.7601317405700683,
    1.787821102142334,
    1.8167416334152222,
    1.847529673576355,
    1.8801209449768066,
    1.9172082901000977,
    1.9609965085983276,
    2.0106764793395997,
    2.0630514860153197,
    2.1187668561935427,
    2.1802610874176027,
    2.248214936256409,
    2.3985743045806887,
    2.4909585237503054,
    2.5942780017852782,
    2.6990754127502443
  ],
  "rollout_vrmse_std_per_step": [
    0.019317448416478717,
    0.010737026687380613,
    0.011766755464122364,
    0.02176472376161041,
    0.03112592455639716,
    0.03927034837688875,
    0.04662168009287481,
    0.05347521918743261,
    0.060160959790269,
    0.0664758815374908,
    0.07332869834925697,
    0.08105499391633315,
    0.08958266791248445,
    0.09901234175226764,
    0.10961090428670012,
    0.11909758919072505,
    0.1263594198092709,
    0.1329312182578028,
    0.13845352062127636,
    0.1417244649511172,
    0.14319216662311934,
    0.14312929389965917,
    0.14219974131661248,
    0.14151713009880135,
    0.14191837583722658,
    0.14388219284131046,
    0.14631117327219334,
    0.14907829627870664,
    0.1518048567738856,
    0.1538146313569016,
    0.15555268765266766,
    0.15737705119478226,
    0.16142899388236245,
    0.17055921311943628,
    0.1850397277495518,
    0.20593638927059515,
    0.2332484438851447,
    0.26616061198699736,
    0.30413169840224524,
    0.35251343535168583,
    0.4120465992801812,
    0.477656375850884,
    0.542129369221447,
    0.6057919194287479,
    0.6725968317416346,
    0.7411902558390151,
    0.8041915316516067,
    0.883183405315448,
    0.9654785669220205,
    1.0506598048394415
  ],
  "train_cost": {
    "total_wall_s": 850.3300268650055,
    "hours": 0.2362027852402793,
    "n_epochs": 25
  }
}