{
  "ckpt": "runs/baseline_01/best.pt",
  "n_traj": 15,
  "step1_vrmse_mean": 0.5607410669326782,
  "step1_vrmse_std": 0.030436867848038673,
  "iso_rel_err_mean": {
    "density": 0.8013577123312848,
    "B_x": 0.7439062341826843,
    "B_y": 35430545796.52126,
    "B_z": 7431993845.667977,
    "v_x": 7.847461334493284,
    "v_y": 1.693587522152286,
    "v_z": 0.8090592989255796
  },
  "iso_rel_err_std": {
    "density": 0.03395668118768588,
    "B_x": 0.06476222912748157,
    "B_y": 78113973153.70242,
    "B_z": 7467050489.288939,
    "v_x": 23.508785781705804,
    "v_y": 1.921594040281742,
    "v_z": 0.05551160147183378
  },
  "iso_abs_err_mean": {
    "density": 0.02367515948018036,
    "B_x": 0.0013872659564005592,
    "B_y": 0.001121818878413757,
    "B_z": 0.0010664794560459546,
    "v_x": 0.0021707562809910484,
    "v_y": 0.0017065072459434263,
    "v_z": 0.0016361552790376285
  },
  "iso_abs_err_std": {
    "density": 0.028589880255530813,
    "B_x": 0.0005744540197452821,
    "B_y": 0.00017917639820265867,
    "B_z": 0.00010557760182247849,
    "v_x": 0.0006963654625666986,
    "v_y": 0.0007021524279312234,
    "v_z": 0.0005320579633204775
  },
  "rollout_K": 50,
  "rollout_vrmse_mean_per_step": [
    0.5506250858306885,
    0.6830170631408692,
    0.8023798942565918,
    0.9237744450569153,
    1.0433201551437379,
    1.1574631690979005,
    1.2622402429580688,
    1.3551730632781982,
    1.434972357749939,
    1.503749918937683,
    1.5621833562850953,
    1.6115962505340575,
    1.6529744386672973,
    1.6885075330734254,
    1.71873939037323,
    1.7441516160964965,
    1.763320755958557,
    1.7775498867034911,
    1.7888468265533448,
    1.7987825393676757,
    1.8087690353393555,
    1.8194916725158692,
    1.830368995666504,
    1.8395156383514404,
    1.8476643085479736,
    1.8541736364364625,
    1.8596404552459718,
    1.8659821510314942,
    1.8731473684310913,
    1.8793381214141847,
    1.8839083671569825,
    1.885894250869751,
    1.8857720375061036,
    1.8858092546463012,
    1.8853368759155273,
    1.884056806564331,
    1.8820886135101318,
    1.8802884340286254,
    1.8797678470611572,
    1.8793147087097168,
    1.8801541328430176,
    1.8826534748077393,
    1.8857197284698486,
    1.8889464616775513,
    1.8902556896209717,
    1.8893781423568725,
    2.008937430381775,
    2.0146248817443846,
    2.019524669647217,
    2.0267905235290526
  ],
  "rollout_vrmse_std_per_step": [
    0.026340804061413193,
    0.017711379100368182,
    0.02241418393018867,
    0.03275758886111105,
    0.04169415862352815,
    0.048905989294571066,
    0.05536734733401766,
    0.06156856998619656,
    0.0677216322871414,
    0.07479396347690714,
    0.08230151634920785,
    0.0890609739929964,
    0.09405262815024462,
    0.09720369538917693,
    0.098493017258051,
    0.09783380556283276,
    0.09443769693919123,
    0.088362981964956,
    0.08213084259121105,
    0.07724910667728427,
    0.07542984115618352,
    0.07599690275489265,
    0.07695115721631775,
    0.07560350668393781,
    0.07222397988082058,
    0.06807440771541068,
    0.06475338351948363,
    0.0628159605895954,
    0.06282109103682405,
    0.06463468935087267,
    0.06638453033671239,
    0.06695608377761067,
    0.06691453431497939,
    0.06833664306965916,
    0.06855970145451137,
    0.06629016441477498,
    0.061123081181710795,
    0.054992077784590566,
    0.04986429890820614,
    0.04629628122651017,
    0.04461197415636424,
    0.04379579610884644,
    0.042491860078128864,
    0.04074970467587262,
    0.036568753527108824,
    0.030100953397808806,
    0.2395596320615474,
    0.24754039947999903,
    0.2534388112027808,
    0.2507958736523953
  ],
  "train_cost": {
    "total_wall_s": 721.4110703468323,
    "hours": 0.20039196398523118,
    "n_epochs": 40
  }
}