{
  "ckpt": "runs/baseline_10_s2/best.pt",
  "n_traj": 15,
  "step1_vrmse_mean": 0.303593248128891,
  "step1_vrmse_std": 0.019780337810516357,
  "iso_rel_err_mean": {
    "density": 0.2945339509533809,
    "B_x": 0.30278802391006704,
    "B_y": 2091282547.6088142,
    "B_z": 426792302.9226719,
    "v_x": 6.418844428686347,
    "v_y": 0.28175207882168213,
    "v_z": 0.2495849310130956
  },
  "iso_rel_err_std": {
    "density": 0.053852302492759976,
    "B_x": 0.013986195070116541,
    "B_y": 5043617795.274412,
    "B_z": 933689544.5775952,
    "v_x": 22.587307597732796,
    "v_y": 0.011097539056623067,
    "v_z": 0.015948837348203
  },
  "iso_abs_err_mean": {
    "density": 0.010184804281379911,
    "B_x": 0.0004139183127411646,
    "B_y": 0.00035530960876051985,
    "B_z": 0.0003430438326403536,
    "v_x": 0.0006206363805407696,
    "v_y": 0.0005415668923291002,
    "v_z": 0.0005128601292047582
  },
  "iso_abs_err_std": {
    "density": 0.012882208365841091,
    "B_x": 0.00013528127636530652,
    "B_y": 7.880544287413891e-05,
    "B_z": 5.150365623717377e-05,
    "v_x": 0.0001350368505493454,
    "v_y": 0.00017286890400230263,
    "v_z": 0.00013256819020270112
  },
  "rollout_K": 50,
  "rollout_vrmse_mean_per_step": [
    0.3134426653385162,
    0.4926504909992218,
    0.6083180427551269,
    0.6973299980163574,
    0.7730850577354431,
    0.8411600828170777,
    0.9041577816009522,
    0.9633898377418518,
    1.0193045139312744,
    1.0736199855804442,
    1.1253238677978517,
    1.1739480257034303,
    1.2190494060516357,
    1.2616275072097778,
    1.302193570137024,
    1.340303111076355,
    1.3740199565887452,
    1.4029218912124635,
    1.4282838582992554,
    1.450950312614441,
    1.471433162689209,
    1.4912126302719115,
    1.5107758522033692,
    1.5284609079360962,
    1.5433576583862305,
    1.5549097299575805,
    1.564355444908142,
    1.572821354866028,
    1.580944299697876,
    1.5877960443496704,
    1.5928133487701417,
    1.59512300491333,
    1.5964653253555299,
    1.5989642858505249,
    1.601780605316162,
    1.6039632081985473,
    1.6054046154022217,
    1.6073900699615478,
    1.610187005996704,
    1.6124102115631103,
    1.6151476144790649,
    1.6191581726074218,
    1.6242698669433593,
    1.6296618223190307,
    1.6338838338851929,
    1.637984037399292,
    1.7847960948944093,
    1.7940069913864136,
    1.8018478155136108,
    1.8022526264190675
  ],
  "rollout_vrmse_std_per_step": [
    0.028614215718204977,
    0.03272531325519654,
    0.036568114688598545,
    0.043400133508976924,
    0.050615760221230405,
    0.05641265596449381,
    0.06017167740370144,
    0.0625308824588547,
    0.06373384404927843,
    0.06472035192515709,
    0.06558473892339756,
    0.06652381053213544,
    0.06666224446206578,
    0.0669376120337827,
    0.0678447175727984,
    0.06867139994770766,
    0.06889112022721754,
    0.06814890026701216,
    0.06781430144107312,
    0.06816022730273887,
    0.06933622894301412,
    0.07140440818058053,
    0.07486222912693022,
    0.07719758840753432,
    0.07787701196716414,
    0.07738567109134808,
    0.0760346587442449,
    0.07438107766619502,
    0.07275847330267628,
    0.07151840010505925,
    0.06966176133129146,
    0.06659214548408049,
    0.0633072126568287,
    0.062422960891494496,
    0.0627355303209111,
    0.06057616211920832,
    0.055362339364871824,
    0.0514309711815344,
    0.050079498953047405,
    0.051233482121465765,
    0.05532014304874841,
    0.061438423293480655,
    0.0696345820875735,
    0.07815248260182778,
    0.08551839163950936,
    0.09253495241009518,
    0.2677499252848755,
    0.27274471330005845,
    0.27714748319075644,
    0.27665709718274495
  ],
  "train_cost": {
    "total_wall_s": 856.8166091442108,
    "hours": 0.23800461365116968,
    "n_epochs": 25
  }
}