{
  "ckpt": "runs/baseline_10/best.pt",
  "n_traj": 15,
  "step1_vrmse_mean": 0.3030175268650055,
  "step1_vrmse_std": 0.01950966566801071,
  "iso_rel_err_mean": {
    "density": 0.2968264834040647,
    "B_x": 0.29833085617931504,
    "B_y": 12434662523.294224,
    "B_z": 97040876.86249015,
    "v_x": 1.1221508003909577,
    "v_y": 0.2809243683246368,
    "v_z": 0.24298166471724153
  },
  "iso_rel_err_std": {
    "density": 0.05408291770436838,
    "B_x": 0.021538198732586965,
    "B_y": 34031885201.849396,
    "B_z": 163070311.5741367,
    "v_x": 3.388748486589218,
    "v_y": 0.013135491102256015,
    "v_z": 0.013490087715536128
  },
  "iso_abs_err_mean": {
    "density": 0.009758071309920523,
    "B_x": 0.00041859141953561144,
    "B_y": 0.00036359220085946766,
    "B_z": 0.0003466089716914641,
    "v_x": 0.0006412694789571257,
    "v_y": 0.0005266891443738449,
    "v_z": 0.0004826556757431414
  },
  "iso_abs_err_std": {
    "density": 0.012515103475207763,
    "B_x": 0.0001682573246779167,
    "B_y": 8.961646620755504e-05,
    "B_z": 6.05747869337467e-05,
    "v_x": 0.00012178532876885215,
    "v_y": 0.00017551139181865434,
    "v_z": 0.00010561630250414348
  },
  "rollout_K": 50,
  "rollout_vrmse_mean_per_step": [
    0.3125413656234741,
    0.49041643738746643,
    0.6042892575263977,
    0.6909878849983215,
    0.7646043419837951,
    0.8316663384437561,
    0.8949976205825806,
    0.9562981247901916,
    1.015623724460602,
    1.0735872983932495,
    1.128402018547058,
    1.1796194076538087,
    1.2262717485427856,
    1.269040036201477,
    1.3085115194320678,
    1.3445067167282105,
    1.3756670713424684,
    1.402317476272583,
    1.4256149768829345,
    1.446516227722168,
    1.4656383514404296,
    1.4833598613739014,
    1.4995831727981568,
    1.512356948852539,
    1.521812868118286,
    1.5278839588165283,
    1.532336664199829,
    1.5371021986007691,
    1.5428316593170166,
    1.548375701904297,
    1.5528873682022095,
    1.5560701608657836,
    1.558640217781067,
    1.562026071548462,
    1.566228985786438,
    1.5711018562316894,
    1.5763509273529053,
    1.5817373991012573,
    1.5871103048324584,
    1.5915207147598267,
    1.5955895900726318,
    1.599667477607727,
    1.6036981105804444,
    1.6074983596801757,
    1.6091143846511842,
    1.6088917255401611,
    1.7579952716827392,
    1.762800121307373,
    1.7658912181854247,
    1.7498835563659667
  ],
  "rollout_vrmse_std_per_step": [
    0.02839275342492916,
    0.031591978434520954,
    0.03373423377493318,
    0.03757041323489191,
    0.04124986598369397,
    0.04384284894813414,
    0.04501675846773441,
    0.045464484406766974,
    0.04637948074197763,
    0.04830769196951518,
    0.050785055561049806,
    0.053347680277117684,
    0.05485418042733917,
    0.05546769294793665,
    0.056290397698279836,
    0.05676697037784702,
    0.05708001097886346,
    0.05707072341612161,
    0.057247483735934974,
    0.05734624098703804,
    0.05809173457188882,
    0.05952368675710749,
    0.061973160908271055,
    0.06270828308651613,
    0.06181048185613942,
    0.05944429845035104,
    0.05620494168956142,
    0.05297461421300246,
    0.05054574943900694,
    0.04906253206645459,
    0.04722921179889609,
    0.045623725223855584,
    0.044541141191845525,
    0.044823983889589025,
    0.045164640634220134,
    0.04360556142473996,
    0.03997620233228408,
    0.035980574056891444,
    0.03250503039486968,
    0.029915127594218646,
    0.029222658954602368,
    0.029430439803360922,
    0.030606503013744173,
    0.032525377086924476,
    0.032576354071013176,
    0.0318166349894894,
    0.2795583699482416,
    0.2862766100510083,
    0.2904131138717727,
    0.2968637958495674
  ],
  "train_cost": {
    "total_wall_s": 846.6163609027863,
    "hours": 0.23517121136188507,
    "n_epochs": 25
  }
}