{
  "ckpt": "runs/baseline/best.pt",
  "n_traj_evaluated": 3,
  "rollout_mean_final_drift": 0.077243539194266,
  "spec_rel_err_k_mean": {
    "density": 0.22334764130813647,
    "B_x": 0.31229611190116185,
    "B_y": 3781659.3514804593,
    "B_z": 79733423.57759057,
    "v_x": 0.2566479856537068,
    "v_y": 0.317868283083822,
    "v_z": 0.29636575703329093
  }
}