{
  "ckpt": "runs/baseline/best.pt",
  "n_traj": 15,
  "step1_vrmse_mean": 0.274038702249527,
  "step1_vrmse_std": 0.014884823933243752,
  "iso_rel_err_mean": {
    "density": 0.2652433360908168,
    "B_x": 0.29116173131399203,
    "B_y": 898868408.8225144,
    "B_z": 288119756.0386188,
    "v_x": 0.2785939084386176,
    "v_y": 0.2679308642247985,
    "v_z": 0.24038136751451716
  },
  "iso_rel_err_std": {
    "density": 0.06487135189983104,
    "B_x": 0.022664524450485377,
    "B_y": 1556484469.5422606,
    "B_z": 468334719.1379749,
    "v_x": 0.25820811411633143,
    "v_y": 0.045543150486407044,
    "v_z": 0.047315038713088814
  },
  "iso_abs_err_mean": {
    "density": 0.006566044379002278,
    "B_x": 0.00029387629980798615,
    "B_y": 0.00027275602434979006,
    "B_z": 0.00028184390885920317,
    "v_x": 0.0004849975078740261,
    "v_y": 0.00041124372893316756,
    "v_z": 0.0004051033382059662
  },
  "iso_abs_err_std": {
    "density": 0.008021062765533368,
    "B_x": 0.00012357799790937426,
    "B_y": 7.627701309492337e-05,
    "B_z": 5.72522502943702e-05,
    "v_x": 0.00012970300092716807,
    "v_y": 0.00011208150550647679,
    "v_z": 5.49929522782644e-05
  },
  "rollout_K": 50,
  "rollout_vrmse_mean_per_step": [
    0.2826953589916229,
    0.4292930245399475,
    0.5150961995124816,
    0.5781255602836609,
    0.6341492891311645,
    0.6894758462905883,
    0.7454878091812134,
    0.8028420209884644,
    0.8607944965362548,
    0.9179888725280761,
    0.9723300457000732,
    1.022853970527649,
    1.069212806224823,
    1.1120553612709045,
    1.151195764541626,
    1.1874932765960693,
    1.220379114151001,
    1.2499490976333618,
    1.2786553144454955,
    1.307216501235962,
    1.334326481819153,
    1.3599860906600951,
    1.3847259998321533,
    1.4077604293823243,
    1.4298075199127198,
    1.450679349899292,
    1.4705734729766846,
    1.489964771270752,
    1.5094918489456177,
    1.528363251686096,
    1.5460943937301637,
    1.562069058418274,
    1.5765461683273316,
    1.589477038383484,
    1.6005916833877563,
    1.6105475664138793,
    1.620820665359497,
    1.6312401294708252,
    1.6415955305099488,
    1.6513246059417725,
    1.6616573095321656,
    1.6739630937576293,
    1.6874353170394898,
    1.7014531135559081,
    1.7171560764312743,
    1.7347515106201172,
    2.0418232679367065,
    2.066443586349487,
    2.0870475292205812,
    2.1288668632507326
  ],
  "rollout_vrmse_std_per_step": [
    0.020878911175762623,
    0.011993002700621832,
    0.009233629579822003,
    0.015856867900107256,
    0.022307121533835527,
    0.027131702279395774,
    0.03050272167756475,
    0.033873177807679865,
    0.03901688570064029,
    0.045160805279629804,
    0.052047459433802123,
    0.05986945706292137,
    0.06893022295954784,
    0.07744186959831566,
    0.08506397607677754,
    0.0911539740313996,
    0.09611468868904176,
    0.09999152950863796,
    0.1026951452370312,
    0.10365451760593782,
    0.10256870578712707,
    0.098982476058558,
    0.09408913433425008,
    0.09005893524402486,
    0.08875447341727005,
    0.09002954530484744,
    0.09239142530739504,
    0.09704679813426947,
    0.10415648912132286,
    0.11254982609151282,
    0.12201509066448282,
    0.13135531839741707,
    0.14122180605129134,
    0.15104704884610326,
    0.16239547126220044,
    0.17533631132884264,
    0.1886819443738096,
    0.19964682795772562,
    0.2093004715184679,
    0.2207090303043295,
    0.23535515846900446,
    0.25303909786648754,
    0.27180343713356053,
    0.28943092733746895,
    0.30881945549504575,
    0.3307351685837092,
    0.6695724872091005,
    0.6953546482014127,
    0.7166516284299237,
    0.7448269335663543
  ],
  "train_cost": {
    "total_wall_s": 3910.2298192977905,
    "hours": 1.0861749498049418,
    "n_epochs": 20
  }
}