{
  "ckpt": "runs/ft_01_s1/best.pt",
  "n_traj": 15,
  "step1_vrmse_mean": 0.30803588032722473,
  "step1_vrmse_std": 0.011133572086691856,
  "iso_rel_err_mean": {
    "density": 0.2755524129125901,
    "B_x": 0.3190631807234488,
    "B_y": 9730783672.625696,
    "B_z": 692393656.0609857,
    "v_x": 2.365859738798948,
    "v_y": 0.3855917445464143,
    "v_z": 0.2598681660559975
  },
  "iso_rel_err_std": {
    "density": 0.08103870722151725,
    "B_x": 0.016288289135055662,
    "B_y": 24896753766.53614,
    "B_z": 1783459397.891945,
    "v_x": 5.761490727160188,
    "v_y": 0.18280044127194603,
    "v_z": 0.010955581637649201
  },
  "iso_abs_err_mean": {
    "density": 0.0083910226182032,
    "B_x": 0.0003934433461533141,
    "B_y": 0.0003241835333624729,
    "B_z": 0.00031732128126782226,
    "v_x": 0.0005806020815194028,
    "v_y": 0.0005082086888568445,
    "v_z": 0.0005052640731378233
  },
  "iso_abs_err_std": {
    "density": 0.010450189341333457,
    "B_x": 0.00019661067727308197,
    "B_y": 6.57546305920016e-05,
    "B_z": 3.120335212066673e-05,
    "v_x": 0.00012664620948746254,
    "v_y": 0.00015779851174615994,
    "v_z": 0.0001540939229952673
  },
  "rollout_K": 50,
  "rollout_vrmse_mean_per_step": [
    0.3138794958591461,
    0.49352884888648985,
    0.6197025179862976,
    0.7271404266357422,
    0.8277037382125855,
    0.9255767464637756,
    1.0212446212768556,
    1.1143045663833617,
    1.202987790107727,
    1.286958432197571,
    1.3656534671783447,
    1.4393604278564454,
    1.507617425918579,
    1.571444845199585,
    1.6302792310714722,
    1.6873061180114746,
    1.7439876794815063,
    1.8000550270080566,
    1.8559305191040039,
    1.9143468141555786,
    1.978238296508789,
    2.0501925706863404,
    2.1303297996521,
    2.21256046295166,
    2.295508050918579,
    2.3768899917602537,
    2.459441900253296,
    2.542927122116089,
    2.626832389831543,
    2.710692262649536,
    2.7942585945129395,
    2.876313638687134,
    2.9568979740142822,
    3.0392518043518066,
    3.1187768936157227,
    3.202747440338135,
    3.303376579284668,
    3.419063138961792,
    3.5440976142883303,
    3.674916124343872,
    3.8260048389434815,
    4.005403137207031,
    4.200014352798462,
    4.413714981079101,
    4.659115791320801,
    4.938878965377808,
    5.458684253692627,
    5.83008508682251,
    6.232442951202392,
    6.627245616912842
  ],
  "rollout_vrmse_std_per_step": [
    0.014960725310311573,
    0.011052553374206152,
    0.020534095543478945,
    0.03579232811193356,
    0.051561599383141025,
    0.06715574821792432,
    0.08262400856916256,
    0.09759333155857765,
    0.10976683578225424,
    0.1178966555508941,
    0.12241646420150715,
    0.12273517227870956,
    0.11969021126648316,
    0.11299913418287688,
    0.10280715279038909,
    0.09090584442230179,
    0.08070174916796173,
    0.07408060904036158,
    0.07221572864857578,
    0.07590072051704634,
    0.0859676486428582,
    0.10431653967976888,
    0.13297306510078505,
    0.16397409802018761,
    0.18969642344650106,
    0.2117177550283287,
    0.23292039823857594,
    0.2516035875781254,
    0.2723163614281274,
    0.29511071662904864,
    0.3146867837729381,
    0.3294598495259876,
    0.33613344341049933,
    0.335213963268831,
    0.3257895231245334,
    0.3143108624629902,
    0.311229897588657,
    0.3203351494393907,
    0.35700855318095853,
    0.4337556645573193,
    0.542920615367864,
    0.6771303522056712,
    0.8264174345262175,
    0.9911930883439399,
    1.1740423414103267,
    1.3784286919002682,
    1.6937359555228757,
    1.9667547279255138,
    2.2757456296236636,
    2.629475470792538
  ],
  "train_cost": {
    "total_wall_s": 729.1575560569763,
    "hours": 0.20254376557138232,
    "n_epochs": 40
  }
}