{
  "ckpt": "runs/ft_01/best.pt",
  "n_traj": 15,
  "step1_vrmse_mean": 0.3071444630622864,
  "step1_vrmse_std": 0.013635576702654362,
  "iso_rel_err_mean": {
    "density": 0.2889311531787933,
    "B_x": 0.2864410960399701,
    "B_y": 11380153259.869438,
    "B_z": 920773170.6415466,
    "v_x": 10.119443932816266,
    "v_y": 0.35894940129112196,
    "v_z": 0.24991824590987538
  },
  "iso_rel_err_std": {
    "density": 0.04973648980613846,
    "B_x": 0.016933618144133095,
    "B_y": 35165406064.71355,
    "B_z": 1285180084.937601,
    "v_x": 36.95130909292824,
    "v_y": 0.14466566220202676,
    "v_z": 0.011687736118915224
  },
  "iso_abs_err_mean": {
    "density": 0.007883006799621247,
    "B_x": 0.00033283061217540916,
    "B_y": 0.0003270076091297306,
    "B_z": 0.00030530682403154475,
    "v_x": 0.0006171845407016652,
    "v_y": 0.0005072869517083708,
    "v_z": 0.000485589423468961
  },
  "iso_abs_err_std": {
    "density": 0.00991510402867386,
    "B_x": 0.00010667603802485912,
    "B_y": 6.761305632282349e-05,
    "B_z": 2.816279945538208e-05,
    "v_x": 0.00014756152380043238,
    "v_y": 0.0001699691051735855,
    "v_z": 0.00013092268668610046
  },
  "rollout_K": 50,
  "rollout_vrmse_mean_per_step": [
    0.3141081929206848,
    0.4956701934337616,
    0.6250418186187744,
    0.7384462237358094,
    0.8483349084854126,
    0.9571920275688172,
    1.0636244058609008,
    1.1659346580505372,
    1.2608970880508423,
    1.3473382949829102,
    1.4254297733306884,
    1.4971490144729613,
    1.5629859685897827,
    1.6257251501083374,
    1.6867595195770264,
    1.7472066640853883,
    1.807041049003601,
    1.8694572448730469,
    1.9399659633636475,
    2.019966197013855,
    2.1115036725997927,
    2.217358207702637,
    2.339547348022461,
    2.4783244132995605,
    2.6383720874786376,
    2.8233208656311035,
    3.033366012573242,
    3.2716407775878906,
    3.54219765663147,
    3.8408985137939453,
    4.164763164520264,
    4.507891750335693,
    4.859835147857666,
    5.22404670715332,
    5.603344058990478,
    5.994519996643066,
    6.4040711402893065,
    6.853607559204102,
    7.346627807617187,
    7.867891025543213,
    8.426775264739991,
    9.03818130493164,
    9.709153842926025,
    10.438896942138673,
    11.21269121170044,
    12.012909698486329,
    13.250045204162598,
    14.10277442932129,
    14.911103248596191,
    15.675667190551758
  ],
  "rollout_vrmse_std_per_step": [
    0.012978432168869666,
    0.013676795741320052,
    0.033531664888674616,
    0.057201274345988914,
    0.08296959646265092,
    0.11093965431440189,
    0.14022900635014576,
    0.1670574422581544,
    0.18716056398419575,
    0.19823375318848196,
    0.20116050860881007,
    0.1964605781738073,
    0.18488401304000496,
    0.16691956048644357,
    0.1453270381743011,
    0.12209249762364731,
    0.10303284820966821,
    0.09637169262339151,
    0.1002343421471083,
    0.1090886690927107,
    0.12379957843562724,
    0.14395588292221978,
    0.16753197107685844,
    0.1929997008300196,
    0.2218891616135274,
    0.24815226177505198,
    0.25972755103686906,
    0.2629836554281926,
    0.2612182799793916,
    0.2501301734361999,
    0.23590216072698583,
    0.22908783203012661,
    0.24241726183706058,
    0.2890792584518784,
    0.37074622140153785,
    0.49461864531049005,
    0.6598432503976666,
    0.8687418783300656,
    1.1194380745057335,
    1.4064350819347875,
    1.7204789225942112,
    2.064805353873662,
    2.417785695275088,
    2.7670058796310024,
    3.103105506438049,
    3.4174551477827433,
    3.665917197395075,
    3.92249041433735,
    4.192273769626341,
    4.456241417210864
  ],
  "train_cost": {
    "total_wall_s": 721.7358391284943,
    "hours": 0.20048217753569286,
    "n_epochs": 40
  }
}