{
  "ckpt": "runs/ft_10_s2/best.pt",
  "n_traj": 15,
  "step1_vrmse_mean": 0.28002727031707764,
  "step1_vrmse_std": 0.01412768941372633,
  "iso_rel_err_mean": {
    "density": 0.26993163208682314,
    "B_x": 0.28950906869822574,
    "B_y": 15190089546.05947,
    "B_z": 388703964.68705475,
    "v_x": 2.172911414706375,
    "v_y": 0.2725698097876521,
    "v_z": 0.23857767169759367
  },
  "iso_rel_err_std": {
    "density": 0.0595656129553572,
    "B_x": 0.02156571911606304,
    "B_y": 40655264906.37606,
    "B_z": 1047742660.9073449,
    "v_x": 5.816400753864363,
    "v_y": 0.03331093913580881,
    "v_z": 0.031305976807841814
  },
  "iso_abs_err_mean": {
    "density": 0.007008697548009953,
    "B_x": 0.0002901013630586628,
    "B_y": 0.00030088749647873015,
    "B_z": 0.0002907277950256982,
    "v_x": 0.0004916394133918053,
    "v_y": 0.00045130381546461723,
    "v_z": 0.0004276370141459059
  },
  "iso_abs_err_std": {
    "density": 0.008455096178043398,
    "B_x": 0.00010126220615727621,
    "B_y": 7.265853578396446e-05,
    "B_z": 4.0623642631169084e-05,
    "v_x": 0.00010957451958328261,
    "v_y": 0.00018961910333948145,
    "v_z": 8.30642519187335e-05
  },
  "rollout_K": 50,
  "rollout_vrmse_mean_per_step": [
    0.2886210441589355,
    0.4417118430137634,
    0.5351082682609558,
    0.6059961080551147,
    0.6695064187049866,
    0.730750584602356,
    0.7905004262924195,
    0.8492425680160522,
    0.9065914392471314,
    0.9626999139785767,
    1.0170144200325013,
    1.0688281893730163,
    1.1176966428756714,
    1.1636751413345336,
    1.207018256187439,
    1.2476592063903809,
    1.2848619937896728,
    1.3194621562957765,
    1.3528508424758912,
    1.385183334350586,
    1.4155670404434204,
    1.443408465385437,
    1.4696906089782715,
    1.4932376623153687,
    1.514029049873352,
    1.5318763494491576,
    1.5474571704864502,
    1.5625643253326416,
    1.5783197402954101,
    1.595070195198059,
    1.6129084825515747,
    1.63075110912323,
    1.6478190183639527,
    1.6640488147735595,
    1.6799028873443604,
    1.6962380886077881,
    1.7121657371520995,
    1.7281981706619263,
    1.7449344873428345,
    1.7607977628707885,
    1.7765857219696044,
    1.7941113471984864,
    1.811998176574707,
    1.8307099342346191,
    1.8508817434310914,
    1.8730417728424071,
    1.9939816474914551,
    2.022115111351013,
    2.051964831352234,
    2.076185441017151
  ],
  "rollout_vrmse_std_per_step": [
    0.019653735162250115,
    0.010994218537713043,
    0.00946188226776969,
    0.018113347345479147,
    0.02645580289609377,
    0.03373547600014184,
    0.04092413529035929,
    0.04842410797439354,
    0.055690582850912315,
    0.06236437001481675,
    0.06966917132319093,
    0.07805555793975334,
    0.08728353726439819,
    0.09685842876845298,
    0.10737233064167982,
    0.11793354173002929,
    0.12726607737141832,
    0.13590044441713547,
    0.14278158491736068,
    0.1484071352969318,
    0.15410162067306102,
    0.15986964408639526,
    0.1647431931300743,
    0.1689102186010102,
    0.17310280604698275,
    0.17793180672212117,
    0.18302591680632968,
    0.1874703476550814,
    0.19182985640645794,
    0.19637658305767763,
    0.2014042186530929,
    0.20615097242048178,
    0.20985961155849622,
    0.2139910520109132,
    0.21860351646016096,
    0.22390966934401108,
    0.22814461472180478,
    0.231539623807229,
    0.23482039260417095,
    0.23791996301736118,
    0.23977676067119952,
    0.2412757499843836,
    0.24178323355663664,
    0.24273657236336216,
    0.247620448244212,
    0.25871657683968596,
    0.44502068358323493,
    0.47562831543242223,
    0.5110667856969382,
    0.5518240377527462
  ],
  "train_cost": {
    "total_wall_s": 856.2989568710327,
    "hours": 0.23786082135306463,
    "n_epochs": 25
  }
}